n,method,coverage,avg_length,reject_rate,mean_tau_hat,sd_tau_hat
250,Fixed,0.9,1.1087230594797421,0.1,0.04095244410759835,0.34017321258418876
250,SN,0.95,1.2776770242231321,0.05,0.04095244410759835,0.34017321258418876
500,Fixed,0.8866666666666667,0.7839855938160216,0.11333333333333333,0.01512253256296222,0.24394215506875713
500,SN,0.9333333333333333,0.9379494074739884,0.06666666666666667,0.01512253256296222,0.24394215506875713
