n,n_eff,method,coverage,avg_len,rmse,vbar,n_rep,mcse,oracle_len,oracle_v,rel_len,rel_vhat
5000,4500,SN-AIPW-Misspec,0.956,0.15466177564903946,0.03785794433328524,7.005983923757254,1000,0.006485676526007139,0.11691092197295977,4.00328477940406,1.3229027112181277,1.750058841629594
5000,4500,SN-AIPW-Oracle,0.955,0.11691092197295977,0.029202216036629935,4.00328477940406,1000,0.00655553201502365,0.11691092197295977,4.00328477940406,1.0,1.0
5000,4500,SN-AIPW-WellSpec,0.951,0.11713656106297753,0.029272745506842744,4.018755867945823,1000,0.006826346021115546,0.11691092197295977,4.00328477940406,1.001930008644273,1.0038645985470127
5000,4500,SN-IPW,0.937,0.23372079435577173,0.06060729741701395,15.999264766232397,1000,0.007683163410991592,0.11691092197295977,4.00328477940406,1.9991356702312963,3.9965342582033574
